{
    "model": "gpt-3.5-turbo-0613",
    "free-response-string-match_mean": 0.5051851851851852,
    "free-response-string-match_worst_case": 0.9481481481481482
}