{
    "model": "llama-2-70b-tg",
    "privacy-sharing-has_z_mean": 0.3940740740740741,
    "privacy-sharing-has_z_worst_case": 0.9851851851851852
}