{
    "model": "gpt-3.5-turbo-0613",
    "free-response-proxy-model_mean": 0.40259259259259267,
    "free-response-proxy-model_worst_case": 0.8925925925925926
}