{
    "model": "text-davinci-003",
    "info-accessibility-error_mean": 0.4022222222222222,
    "info-accessibility-error_worst_case": 0.762962962962963
}