{
    "model": "gpt-3.5-turbo-0613",
    "info-accessibility-no_y_mean": 0.013703703703703702,
    "info-accessibility-no_y_worst_case": 0.018518518518518517
}