{
    "model": "text-davinci-003",
    "info-accessibility-has_z_mean": 0.3985185185185185,
    "info-accessibility-has_z_worst_case": 0.762962962962963
}