{
    "model": "gpt-3.5-turbo-0613",
    "free-response-string-match_mean": 0.5244444444444445,
    "free-response-string-match_worst_case": 0.9259259259259259
}