{
    "model": "gpt-4-0613",
    "info-accessibility-error_mean": 0.023703703703703706,
    "info-accessibility-error_worst_case": 0.044444444444444446
}