{
    "model": "text-curie-001",
    "info-accessibility-error_mean": 0.7562962962962964,
    "info-accessibility-error_worst_case": 0.9777777777777777
}