{
    "model": "flan-ul2",
    "info-accessibility-has_z_mean": 0.09777777777777777,
    "info-accessibility-has_z_worst_case": 0.4111111111111111
}