{
    "model": "llama-2-70b-chat-tg",
    "privacy-sharing-no_y_mean": 0.2537037037037037,
    "privacy-sharing-no_y_worst_case": 0.9296296296296296
}