{
    "model": "flan-ul2",
    "info-accessibility-error_mean": 0.16037037037037036,
    "info-accessibility-error_worst_case": 0.5962962962962963
}