{
    "model": "gpt-4-0613",
    "privacy-sharing-has_z_mean": 0.01074074074074074,
    "privacy-sharing-has_z_worst_case": 0.018518518518518517
}