{
    "model": "llama-2-70b-tg",
    "info-accessibility-no_y_mean": 0.4211111111111111,
    "info-accessibility-no_y_worst_case": 0.9962962962962963
}