{
    "model": "gpt-3.5-turbo-0613",
    "info-accessibility-error_mean": 0.12296296296296297,
    "info-accessibility-error_worst_case": 0.40370370370370373
}