{
    "model": "text-curie-001",
    "privacy-sharing-no_y_mean": 0.054814814814814816,
    "privacy-sharing-no_y_worst_case": 0.24814814814814815
}