{
    "model": "llama-2-70b-chat-tg",
    "info-accessibility-no_y_mean": 0.2011111111111111,
    "info-accessibility-no_y_worst_case": 0.9185185185185185
}