{
    "model": "gpt-4-0613",
    "privacy-sharing-no_y_mean": 0.011111111111111112,
    "privacy-sharing-no_y_worst_case": 0.011111111111111112
}