{
    "model": "flan-ul2",
    "privacy-sharing-has_z_mean": 0.08222222222222224,
    "privacy-sharing-has_z_worst_case": 0.37777777777777777
}