{
    "model": "llama-2-70b-tg",
    "info-accessibility-has_z_mean": 0.4366666666666667,
    "info-accessibility-has_z_worst_case": 0.9888888888888889
}