{
    "model": "gpt-4-0613",
    "info-accessibility-no_y_mean": 0.012962962962962963,
    "info-accessibility-no_y_worst_case": 0.014814814814814815
}