{
    "model": "text-curie-001",
    "privacy-sharing-has_z_mean": 0.7355555555555556,
    "privacy-sharing-has_z_worst_case": 0.9888888888888889
}