{
    "model": "gpt-4-0613",
    "info-accessibility-has_z_mean": 0.014444444444444446,
    "info-accessibility-has_z_worst_case": 0.03333333333333333
}