{
    "model": "gpt-3.5-turbo-0613",
    "info-accessibility-has_z_mean": 0.11333333333333334,
    "info-accessibility-has_z_worst_case": 0.3925925925925926
}