{
    "model": "text-curie-001",
    "free-response-string-match_mean": 0.3937037037037037,
    "free-response-string-match_worst_case": 0.8777777777777778
}