{
    "model": "llama-2-70b-chat-tg",
    "free-response-string-match_mean": 0.8207407407407408,
    "free-response-string-match_worst_case": 0.9962962962962963
}