{
    "model": "gpt-4-0613",
    "free-response-string-match_mean": 0.09222222222222222,
    "free-response-string-match_worst_case": 0.21851851851851853
}