{
    "model": "flan-ul2",
    "info-accessibility-no_y_mean": 0.12444444444444443,
    "info-accessibility-no_y_worst_case": 0.5111111111111111
}