{
    "model": "text-curie-001",
    "info-accessibility-no_y_mean": 0.0651851851851852,
    "info-accessibility-no_y_worst_case": 0.35185185185185186
}