{
    "model": "text-curie-001",
    "info-accessibility-has_z_mean": 0.7051851851851852,
    "info-accessibility-has_z_worst_case": 0.9740740740740741
}