{
    "model": "text-davinci-003",
    "info-accessibility-no_y_mean": 0.007037037037037037,
    "info-accessibility-no_y_worst_case": 0.014814814814814815
}