{
    "model": "text-curie-001",
    "free-response-proxy-model_mean": 0.25629629629629636,
    "free-response-proxy-model_worst_case": 0.8111111111111111
}