{
    "model": "text-davinci-003",
    "free-response-proxy-model_mean": 0.25703703703703706,
    "free-response-proxy-model_worst_case": 0.737037037037037
}