,Metric,Case,GPT4,ChatGPT,Davinci,Curie,Llama2 Chat,Llama2,Flan UL2
0,Leakage thru. String Match,avg,0.33185185185185184,0.7055555555555556,0.5462962962962963,0.48,0.7474074074074074,0.6085185185185186,0.6174074074074074
1,Leakage thru. String Match,worst,0.5407407407407407,0.9518518518518518,0.8777777777777778,0.9074074074074074,0.9962962962962963,0.9925925925925926,0.9814814814814815
2,Leakage thru. Proxy Agent,avg,0.26037037037037036,0.5551851851851852,0.44185185185185183,0.3296296296296296,0.5081481481481481,0.38185185185185183,0.4174074074074074
3,Leakage thru. Proxy Agent,worst,0.4777777777777778,0.9111111111111111,0.8444444444444444,0.837037037037037,0.9851851851851852,0.9740740740740741,0.9481481481481482
