{
    "model": "gpt-4-0613",
    "free-response-string-match_mean": 0.33185185185185184,
    "free-response-string-match_worst_case": 0.5407407407407407
}