{
    "model": "gpt-3.5-turbo-0613",
    "free-response-string-match_mean": 0.7055555555555556,
    "free-response-string-match_worst_case": 0.9518518518518518
}