{
    "model": "llama-2-70b-tg",
    "free-response-proxy-model_mean": 0.38185185185185183,
    "free-response-proxy-model_worst_case": 0.9740740740740741
}