{
    "model": "gpt-4-0613",
    "free-response-proxy-model_mean": 0.2603703703703704,
    "free-response-proxy-model_worst_case": 0.4777777777777778
}