{
    "model": "text-curie-001",
    "free-response-proxy-model_mean": 0.3296296296296296,
    "free-response-proxy-model_worst_case": 0.837037037037037
}